{
    "email": "Email",
    "name": "Name",
    "last.name": "Last Name",
    "first.name": "First Name",
    "action": "Action",
    "password": "Password",
    "confirm.password": "Confirm Password",
    "add.experience.level": "Add Experience Level",
    "region.name": "Region Name",
    "user.name": "Username",
    "admin.user.name": "Admin Username",
    "admin.user.password": "Admin Password",
    "city.name": "City Name",
    "city": "City",
    "state.name": "State Name",
    "state": "State",
    "unit.of.measure": "Unit Of Measure",
    "content.msa": "Global MSA Content (will be used for client)",
    "version.no": "Version No",
    "type": "Type",
    "uploaded.date": "Uploaded Date",
    "status": "Status",
    "search": "Search",
    "add.new": "Add New",
    "bulk.upload": "Bulk Upload",
    "download.sample.file": "Download Sample File",
    "disable.selected": "Disable Selected",
    "template": "Template",
    "diversitycategory.name": "Diversity Category",
    "service.name": "Service Name",
    "company.name": "Company Name",
    "sr.no": "Sr No",
    "worker.job.title": "Worker Job Title",
    "experience": "Experience",
    "industry.name": "Industry Name",
    "upload.logo": "Upload Logo",
    "independent.contractor.job.title": "Independent Contractor Job Title",
    "requested.by": "Requested By",
    "verify.user": "Verify User",
    "email.required": "Email is required",
    "contactus.card.title": "Any Query or Question ? We are Happy to Help ",
    "token": "Token",
    "dialog.cancel.text": "Cancel",
    "dialog.confirm.text": "Ok",
    "ok": "Ok",
    "enable": "Enable",
    "disable": "Disable",
    "reset.password": "Password Reset",
    "change.password": "Change Password",
    "signin": "Sign In",
    "signup": "Sign Up",
    "dialog.title.region": "Enable/Disable Region?",
    "dialog.message.region": "Are you sure you want to ",
    "company.merge": "Merge Company",
    "dialog.title.state": "Disable State ?",
    "dialog.message.state": "Are you sure you want to ",
    "dialog.title.city": "Disable City ?",
    "dialog.message.city": "Are you sure you want to ",
    "dialog.title.uom": "Disable unit of Measure ?",
    "dialog.message.uom": "Are you sure you want to ",
    "dialog.title.content.msa": "Enable/Disable Contnet Msa?",
    "dialog.message.content.msa": "Are you sure you want to ",
    "certificate.dialog.message": "Are you sure you want to ",
    "certificate.dialog.title": "Enable/Disable Certificate?",
    "disApprove": "disApprove",
    "approve": "approve",
    "service.dialog.message": "Are you sure you want to ",
    "service.dialog.title": "Enable/Disable Service?",
    "company.dialog.message": "Are you sure you want to ",
    "company.dialog.title": "Enable/Disable Company?",
    "diversity.dialog.message": "Are you sure you want to ",
    "diversity.dialog.title": "Enable/Disable Diversity?",
    "dialog.message": "Are you sure you want to ",
    "dialog.message.delete": "Are you sure you want to delete",
    "experience.dialog.title": "Enable/Disable Experience Level?",
    "industry.dialog.title": "Enable/Disable Industry Type?",
    "job.title.dialog.title": "Enable/Disable Job Title?",
    "icJob.title.dialog.title": "Approve/Disapprove IcJobTitle?",
    "login": "Log In ",
    "forgot.password.successMessage": "Email has been sent",
    "common.error": "Something went wrong. Please try again later or contact your administrator",
    "forgot.password": "Forgot Password",
    "update.certificate.successMessage": "Certificate Updated",
    "create.certificate.successMessage": "Certificate Added",
    "update.service.successMessage": "Service Updated",
    "create.service.successMessage": "Service Added",
    "update.diversity.successMessage": "Diversity Updated",
    "create.diversity.successMessage": "Diversity Added",
    "update.company.successMessage": "Company Updated",
    "create.company.successMessage": "Company Added",
    "merge.company.successMessage": "Company Merged",
    "enable.success": "Enabled",
    "disable.success": "Disabled",
    "company.enable.success": "Company Enabled",
    "company.disable.success": "Company Disabled",
    "certificate.name": "Certificate Name",
    "invalid.email": "Please enter the valid email address",
    "required.email": "Email is required",
    "disable.selected.experience.level": "Disable Selected Experience Level",
    "cancel": "Cancel",
    "save": "Save",
    "save.next": "Save & Next",
    "enable.experience.level": "Enable",
    "disable.experience.level": "Disable",
    "edit.experience.level": "Edit",
    "experience.level.enabled.successfully": "Experience level enabled",
    "experience.level.disabled.successfully": "Experience level disabled",
    "experience.level.added.successfully": "Experience level added ",
    "experience.level.updated.successfully": "Experience level updated ",
    "add.industry.type": "Add Industry Type",
    "disable.industry.type": "Disable",
    "enable.industry.type": "Enable",
    "edit.industry.type": "Edit Industry Type",
    "disable.selected.industry.type": "Disable selected Industry Type",
    "industry.type.enabled.successfully": "Industry Type enabled",
    "industry.type.disabled.successfully": "Industry Type disabled",
    "industry.type.added.successfully": "Industry Type added ",
    "industry.type.updated.successfully": "Industry Type updated ",
    "add.worker.job.title": "Add Worker Job Title",
    "disable.job.title": "Disable Job Title",
    "enable.job.title": "Enable Job Title",
    "edit.job.title": "Edit Job Title",
    "disable.selected.job.title": "Disable selected Job Title",
    "job.title.enabled.successfully": "Job Title enabled",
    "job.title.disabled.successfully": "Job Title disabled",
    "job.title.added.successfully": "Job Title added ",
    "job.title.updated.successfully": "Job Title updated ",
    "approve.ic.job.title": "Approve IcJob Title",
    "disapprove.ic.job.title": "Disapprove IcJob Title",
    "ic.job.title.approved.successfully": "IcJob Title approved ",
    "ic.job.title.disapproved.successfully": "IcJob Title disapproved ",
    "name.is.required": "Name is required",
    "type.is.required": "Type is required",
    "title.is.required": "Title is required",
    "uploaded.logo": "Uploaded Logo",
    "no.record.found": "No Record Found",
    "no.image": "No Image",
    "download.template": "Download Template",
    "password.required": "Password is required",
    "invalid.password": "Invalid password",
    "confirm.password.is.required": "Confirm Password is required",
    "is.not.password.matched": " Confirm Password must match",
    "dont.have.account": "Don't have an Account?",
    "password.reset.successfully": "Password reset successfully",
    "password.changed.successfully": "Password changed successfully",
    "edit": "Edit",
    "add": "+ Add",
    "template.download": "Download template",
    "user.not.verified": "Link Expired.",
    "user.loggedout": "Session timeout.",
    "user.verified": "User is verified. Go to Sign In page",
    "city.enabled": "City Enabled ",
    "city.disabled": "City Disabled",
    "city.updated": "City Updated",
    "city.added": "City Added",
    "state.enabled": "State Enabled ",
    "state.disabled": "State Disabled",
    "state.updated": "State Updated",
    "state.added": "State Added",
    "region.enabled": "Region Enabled ",
    "region.disabled": "Region Disabled",
    "region.updated": "Region Updated",
    "region.added": "Region Added",
    "uom.enabled": "Unit of measure enabled ",
    "uom.disabled": "Unit of measure disabled",
    "uom.updated": "Unit of measure updated",
    "uom.added": "Unit of measure added",
    "content.msa.enabled": "Content MSA enabled ",
    "content.msa.disabled": "Content MSA disabled",
    "content.msa.updated": "Content MSA updated",
    "content.msa.added": "Content MSA added",
    "contact.person": "Contact Person",
    "company.email": "Company Email",
    "work.phone": "Work Phone",
    "mobile.phone": "Mobile Phone",
    "form.footer": "By signing up, you agree with ",
    "form.footer.terms": "Terms and Conditions",
    "form.already.user": "Already Registered?",
    "form.already.registered": "Already Registered ?",
    "client.email": " ‘@gmail’, ‘@yahoo’, ‘@aol’, ‘@outlook, ‘@zoho’, ‘@mail’, ‘@protonmail’, ‘@icloud’, ‘@gmx’, ‘@yandex’, ’@hubspot’,  ’@yahoo.co.in’ are invalid email ids",
    "expansive.network": "Expansive Network",
    "qualified.subcontracters": "Qualified Subcontractors",
    "streamlined.services": "Streamlined Services",
    "expansive.network.text": "Access our rapidly growing network of thousands of reputable and reliable workers for your green energy projects.",
    "qualified.subcontracters.text": "Site Worker carefully vets all teams to ensure only certified, experienced crews work your job sites.",
    "streamlined.services.text": "We consolidate scouting, bidding, documentation, scheduling, payments, and safety checks on a single platform.",
    "more.oppurtinities": "More opportunities",
    "register.as.client": "Register with us as a Client",
    "applied.project": "Applied for project",
    "applied.jobsite": "Applied for jobsite",
    "signup.successMessage": "Signup successful for client",
    "register.as.subcontractor": "Register with us as a subcontractor",
    "signup.successMessage.by.subcontractor": "Signup successful for subcontractor",
    "job": "Your next job is waiting.",
    "find.work.workers": "Find Companies and Projects",
    "subcontractor.company.worker": "Access thousands of project listings from hundreds of top companies in clean energy.",
    "bidding.title": "Real-Time Bidding",
    "bidding.desription": "Submit bids for projects directly through the Site Worker platform.",
    "payment.title": "Increased Cash Flow",
    "payment.desription": "Spend fewer resources looking for projects, and get paid regularly as you achieve milestones.",
    "company": "Company",
    "individual": "Individual",
    "personal.email": "Personal Email",
    "type.to.filter": "Type to filter",
    "type.to.filter.cr": "Filter by change request title & description",
    "type.to.filter.subcontractor": "You can search by first name, last name , company,  email and phone",
    "type.to.filter.worker": "You can search by first name, last name, job title,  email and phone",
    "type.to.filter.client": "You can search by first name, last name, company,  email and phone",
    "energizing.client": "Energizing Companies",
    "energizing.subcontractor": "Energizing Subcontractors",
    "energizing.worker": "Energizing Workers",
    "energizing.client.text": "Post projects and save time and money on scouting, recruiting, training, and hiring new workers.",
    "energizing.subcontractor.text": "Find projects best suited for your teams, and get paid on time, every time.",
    "energizing.worker.text": "Find full-time and part-time jobs in clean energy while getting guaranteed pay every week.",
    "common.signup.header.text": "More opportunities. More talent.",
    "supervisor.management": "Supervisor Management",
    "client.profile.business.detail": "Client Profile - 1 Business Details",
    "apply": "Apply",
    "filter": "Filter",
    "contact.number": "Contact Number",
    "assignment": "Assignment",
    "email.address": "Email Address",
    "contact.email.address": "Contact Email Address",
    "client.profile.msa.detail": "Client Profile - 2 MSA ",
    "add.supervisor": "Add Supervisor",
    "mobile.number": "Mobile Number",
    "pay.details": "Pay Details",
    "is.allow.to.post.project": "Is allow to post project?",
    "yes": "Yes",
    "yes.no": "Yes / No",
    "no": "No",
    "firstname": "First Name",
    "preferred.states": "Preferred States",
    "industry.type.match": "Industry Type Match",
    "lastname": "Last Name",
    "supervisor.added.successfully": "Supervisor added successfully",
    "firstName.maxLength": "Maximum length must be 30",
    "lastName.maxLength": "Maximum length must be 30",
    "email.maxLength": "Maximum length must be 50",
    "contact.length": "Length must be 10",
    "must.be.greater.zero": "Must be greater than zero",
    "required": "This field is required",
    "job.title": "Job Title",
    "job.description": "Job Description",
    "special.qualification": "Special Qualifications",
    "no.ofjob.openings": "Number of Openings",
    "estimated.start.date": "Estimated Start Date",
    "region": "Region",
    "certificate.requirements": "Certificate Requirements",
    "screening.questions": "Screening Questions",
    "screening.questions.caption": "Add maximum 10 questions which can help you for screening/prequalification of worker.",
    "questions": "Questions",
    "employee.type": "Employee Type",
    "do.you.offer.daily.per.diem": "Do you offer daily per diem?",
    "do.you.pay.for.mileage": "Do you pay for mileage?",
    "job.type": "Job Type",
    "per.diem.rate": "Per Diem Rate",
    "$": "$",
    "minimum.miles": "Minimum Mileage",
    "mileage.rate": "Mileage Rate",
    "open.market.request": "Open Market Request",
    "private.request": "Private Request",
    "worker.selection": "Worker Selection",
    "previous": "Previous",
    "job.details": "Job Details",
    "review.confirm": "Review & Confirm",
    "basic.details": "Basic Details",
    "post.job": "Post Job",
    "added": "Added",
    "showing.workers": "Showing Workers",
    "selected.workers": "Selected Workers",
    "invite": "Invite",
    "invite.using.email": "Invite Using Email",
    "invite.worker": "Invite Worker",
    "view": "View",
    "supervisor.updated.successfully": "Supervisor updated successfully",
    "subAdmin.added.successfully": "Subadmin  added successfully",
    "subAdmin.updated.successfully": "Subadmin  updated successfully",
    "address": "Address",
    "zip.code": "Zip Code",
    "company.description": "Company Description",
    "company.phone": "Company Phone",
    "contact.name": "Contact Name",
    "contact": "Contact",
    "contact.email": "Contact Email",
    "contact.phone": "Contact Phone",
    "year.found": "Year Founded",
    "no.of.employee": "No Of Employee",
    "duns.no": "DUNS No",
    "twenty.maxlength": "Length should be less than 20",
    "hundred.maxlength": "Length should be less than 100",
    "oneFifty.maxlength": "Length should be less than 150",
    "threeHundred.maxlength": "Length should be less than 300",
    "twoHundred.maxlength": "Length should be less than 200",
    "seventy.maxlength": "Length should be less than 70",
    "fifty.maxlength": "Length should be less than 50",
    "thirty.maxlength": "Length should be less than 30",
    "ten.maxlength": "Length should be less than  10",
    "seven.minlength": "Length should be greater than  7",
    "eigth.minlength": "Length should be greater than  8",
    "nine.minlength": "Length should be greater than  9",
    "five.maxlength": "Length should be less than  5",
    "six.maxlength": "Length should be less than  6",
    "four.maxlength": "Length should be less than  4",
    "annual.salary.range.from": "Annual Salary Range from",
    "annual.salary.range.to": "Annual Salary Range to",
    "relocation.benefits": "Relocation Benefits",
    "yearly.bonus": "Yearly Bonus",
    "health.benefits": "Health Benefits",
    "401k.requirement": "401kRetirement",
    "showing.results.for": "Showing Results for",
    "post.new.job": "Post New Job",
    "success.ratio": "Success Ratio",
    "supervisor.actived.successfully": "Supervisor actived successfully",
    "supervisor.inactived.successfully": "Supervisor inactived successfully",
    "supervisor.dialog.title": "Active/Inactive Supervisor",
    "clear": "Clear",
    "client.profile": "Client profile detail displayed",
    "client.profile.error": "Nothing to show in Client profile",
    "client.profile.not.found": "Client profile not found ",
    "client.profile.updated": "Client profile updated",
    "subcontractor.profile.updated": "Subcontractor profile updated",
    "worker.profile.updated": "Worker profile updated",
    "client.jobMsa.accepted": "Client job MSA accepted",
    "client.projectMsa.accepted": "Client project MSA accepted",
    "projectMsa.displayed": "PROJECTMSA displayed",
    "jobMsa.displayed": "JOBMSA displayed",
    "no.msa.displayed": "N0 MSA displayed",
    "twenty.maxLength": "Length should be less than 20",
    "hundred.maxLength": "Length should be less than 100",
    "threeHundred.maxLength": "Length should be less than 300",
    "fifty.maxLength": "Length should be less than 50",
    "thirty.maxLength": "Length should be less than 30",
    "ten.length": "Length should be less than  10",
    "five.length": "Length should be less than  5",
    "four.length": "Length should be less than  4",
    "title": "Title",
    "notifications": "Notifications",
    "update": "Update",
    "edit.supervisor": "Edit Supervisor",
    "edit.worker.job.title": "Edit worker job title",
    "view.change.requests": "View Change Requests",
    "add.change.request": "Add Change Request",
    "keyword": "Keyword",
    "change.request.title": "Change Request Title",
    "subcontractor": "Subcontractor",
    "subcontractors": "Subcontractors",
    "subcontractor.name": "Subcontractor Name",
    "from.date": "From Date",
    "to.date": "To Date",
    "created.between": "Created Between",
    "project.title": "Project Title",
    "project.name": "Project Name",
    "change.request.description": "Change Request Description",
    "created.date": "Created Date",
    "created.by": "Created By",
    "cost": "Cost",
    "select.project": "Select Project",
    "select.jobsite": "Select Jobsite",
    "assigned.to": "Assigned To",
    "description": "Description",
    "upload.documents": "Upload Documents",
    "selected.supervisor": "selected supervisor",
    "filter.supervisor": "Filter supervisor",
    "view.assignment": "View Assignment",
    "register.as.worker": "Register with us as a worker",
    "signup.successMessage.by.worker": "Signup successful for worker",
    "select.contact.name": "Filter by Contact Name",
    "find.job": "Find Jobs Quickly and Easily",
    "find.job.description": "Search our massive database for quality, high-paying jobs with leading companies in clean energy.",
    "make.money": "Upskill Your Skill Sets",
    "real.work": "Make More Money",
    "track.income": "Site Worker will provide free training to help you transition into the clean energy industries.",
    "handle": "We handle your timesheets so you’re paid on time every week for the work you’ve done.",
    "password.tooltip": "password should be greater than 8 and less than 20 and it should contain at least one number and one special character",
    "enter.password": "Enter Password",
    "reenter.password": "Re-enter Password",
    "password.formate": "Password must contain at least one Uppercase and Lowercase alphabet, number and Special character with minimum length 8",
    "login.info1": "Any Questions? We're happy to help.",
    "login.info2": "Reach out to Site Worker’s friendly and knowledge team at any time with questions, concerns, or technical issues.",
    "enter.job.title": "Enter Job Title",
    "enter.job.description": "Enter Job Description",
    "enter.special.qualification": "Enter Special Qualification",
    "enter.zip.code": "Enter Zipcode",
    "enter.screening.questions": "Enter Screening Questions",
    "hourly.rate.range.from": "Hourly Rate Range From",
    "hourly.rate.range.to": "Hourly Rate Range To",
    "employement.type": "Employment Type",
    "go.to.dashboard": "Go To Dashboard",
    "twofifty.maxlength": "Maximum length must be 250",
    "three.maxlength": "Maximum length must be 3",
    "nine.maxlength": "Maximum length must be 9",
    "jobdetail.saved.as.draft": "Job Detail saved as draft",
    "job.posted": "Job Posted",
    "title.maxLength": "Length should be less than 100",
    "description.maxLength": "Length should be less than 500",
    "cost.minValue": "Cost can not be 0",
    "edit.change.request": "Edit Change Request",
    "changeRequest.dialog.title": "Approve/Reject change request?",
    "reject": "Reject",
    "jobsite.title": "Jobsite Title",
    "jobsite.desc": "Jobsite Desc.",
    "q.a": "Q&A",
    "view.answer": "View Answer",
    "question": "Question",
    "jobsite": "Jobsite",
    "enter.question.error": "Please enter question",
    "select.jobsite.error": "Please select jobsite",
    "average.rating": "Average Rating",
    "project.invitation.settings": "Subcontractor Invitation Settings",
    "job.invitation.settings": "Worker Invitation Settings",
    "certificate.match": "Certificate Match",
    "jobtitle.match": "Job Title Match",
    "post.new.job.dialog.message": "There are workers selected in your list, are you sure you want to send email to them and move forward?",
    "assign.supervisor": "Assign Supervisor",
    "location": "Location",
    "experience.required": "Exp. Required",
    "per.diem": "Per Diem",
    "mileage.reimbursement": "Mileage Reimbursement",
    "accepted.invitations": "Accepted Invitations",
    "pending.response": "Pending Response",
    "worker": "Worker",
    "certificates.required": "Certificates Required",
    "q.a.reply": "Q&A-Reply",
    "download.documents": "Download Documents",
    "export.csv": "Export CSV",
    "all.questions": "All Questions",
    "my.questions": "My Questions",
    "export.to.excel": "Export to Excel",
    "posted.date": "Posted Date",
    "submit.answer": "Submit Answer",
    "submit": "Submit",
    "upload.excel": "Upload Excel",
    "file.size.error": "File size must be less then 10MB",
    "file.length.error": "Maximum 10 files allowed",
    "annual.salary.range": "Annual Salary Range",
    "services": "Services",
    "certificate": "Certificate",
    "summary": "Summary",
    "summary.placeholder": "Enter Summary",
    "work.exp": "Work Experience",
    "work.exp.education": "Work Exp. & Education",
    "add.work.exp": "Add Work Experience",
    "education": "Education",
    "add.education": "Add Education",
    "date.of.certificate": "Date Of Certificate",
    "expiration.date": "Expiration Date",
    "expiry.date": "Expiry Date",
    "certificate.date": "Certificate Date",
    "verified.date": "Verified Date",
    "proof.of.certification": "Proof Of Certification",
    "hourly.rate.min": "Hourly Rate (min)",
    "hourly.rate.max": "Hourly Rate (max)",
    "full.time.salary.min": "Full Time Annual Salary (min)",
    "full.time": "Willing To Work Full Time?",
    "worker.invited": "Worker Invited",
    "full.time.salary.max": "Full Time Annual Salary (max)",
    "references": "References",
    "projects": "Projects",
    "jobs": "Jobs",
    "certifications": "Certifications",
    "rating.review": "Ratings And Reviews",
    "project.title.placeholder": "Enter Project Title",
    "jobsites": "Jobsites",
    "project.type": "Project Type",
    "bid.negotiable": "Is Bid Negotiable?",
    "gamification.configuration": "Gamification Configuration",
    "bid.due.date": "Bid Due Date",
    "start.date": "Start Date",
    "estimated.completion.date": "Estimated Completion Date",
    "add.references": "Add References",
    "client.name": "Client Name",
    "industry.type": "Industry Type",
    "select.region": "Select Region",
    "select.state": "Select State",
    "select.industry.type": "Select Industry Type",
    "special.expertise.required": "Any special expertise required?",
    "work.scope": "Work Scope(File Attachments)",
    "add.manually": "Add Manually",
    "upload.csv": "Upload CSV",
    "line.item": "Line Item",
    "line.item.and.closeout.package": "Closeout package/Line Items Deliverable",
    "zipcode": "Zip Code",
    "save.and.add.jobsite": "Save & Add Jobsite",
    "add.jobsite.details": "Add Jobsite Details",
    "jobsite.title.placeholder": "Enter Jobsite Title",
    "project.bid.amount": "Project Bid Amount",
    "job.code.placeholder": "Enter Job Code",
    "job.code": "Job Code",
    "location.placeholder": "Enter Location",
    "jobsite.description.placeholder": "Enter Jobsite Description",
    "jobsite.list": "Jobsite List",
    "jobsite.description": "Jobsite Description",
    "project.cost": "Project Cost",
    "zipcode.placeholder": "Enter Zipcode",
    "dba": "DBA",
    "ein": "EIN",
    "ssn": "SSN",
    "web.site": "Web Site",
    "diversity.status": "Diversity Status",
    "save.and.next": "Save & Next",
    "next": "Next",
    "postJob": "+ Post Job",
    "postProject": "+ Post Project",
    "dashboard": "Dashboard",
    "projectAndJobsite": "Projects / Jobsites",
    "settings": "Settings",
    "viewProfile": "View Profile",
    "editProfile": "Edit Profile",
    "logout": "Logout",
    "add.line.item": "Add Line Item",
    "select.template": "Select Template",
    "work.type": "Work Type",
    "work.type.details": "Work Type Details",
    "line.item.id": "Line Item Id",
    "line.item.name": "Line Item Name",
    "quantity": "Quantity",
    "unit": "Unit",
    "line.item.description": "Line Item Description",
    "inclusion": "Inclusion",
    "exclusion": "Exclusion",
    "dynamic.label1": "Dynamic Label 1",
    "dynamic.label2": "Dynamic Label 2",
    "dynamic.label3": "Dynamic Label 3",
    "save.and.add.line.item": "Save & Add Line Item",
    "line.item.id.placeholder": "Enter Line Item Id",
    "line.item.name.placeholder": "Enter Line Item Name",
    "quantity.placeholder": "Enter Quantity",
    "unit.placeholder": "Enter Unit",
    "cost.placeholder": "Enter Cost",
    "amount.placeholder": "Enter Amount",
    "line.item.description.placeholder": "Enter Line Item Description",
    "inclusion.placeholder": "Enter Inclusion",
    "exclusion.placeholder": "Enter Exclusion",
    "dynamic.label.placeholder": "Enter Dynamic Label",
    "add.milestone.for": "Payment milestone for",
    "copy.milestone": "Copy Milestone",
    "milestone.number": "Milestone No",
    "milestone.name": "Milestone Name",
    "milestone.%": "Milestone %",
    "deliverables": "Deliverables",
    "line.item.deliverables": "Line Item Deliverables",
    "per.diem.rate.cannnot.be.zero": "Per Diem Rate cannot be zero",
    "mileage.rate.cannnot.be.zero": "Mileage Rate cannot be zero",
    "minimum.miles.cannnot.be.zero": "Minimum Miles cannot be zero",
    "hourly.range.from.cannnot.be.zero": "Hourly Range From cannot be zero",
    "hourly.rate.min.cannnot.be.zero": "Hourly Rate Min cannot be zero",
    "hourly.rate.max.cannnot.be.zero": "Hourly Rate Max cannot be zero",
    "hourly.range.to.cannnot.be.zero": "Hourly Range To cannot be zero",
    "annual.range.from.cannnot.be.zero": "Annual Range From cannot be zero",
    "annual.range.to.cannnot.be.zero": "Annual Range To cannot be zero",
    "annual.rate.min.cannnot.be.zero": "Annual Rate Min cannot be zero",
    "annual.rate.max.cannnot.be.zero": "Annual Rate Max cannot be zero",
    "enter.city": "Enter City",
    "enter.region": "Enter Region",
    "enter.state": "Enter State",
    "close": "Close",
    "project.title.maxLength": "Length should be less than 50",
    "client.name.placeholder": "Enter Client Name",
    "invalid.bid.due.date": "Invalid bid due date",
    "invalid.start.date": "Invalid start date",
    "invalid.completion.date": "Invalid completion date",
    "client.name.select.error": "Please Select Valid Client",
    "choose.file": "Choose File",
    "hourly.rate.to.smaller.than.hourly.rate.from": "Hourly rate to cannot be smaller and equal to hourly rate from",
    "hourly.rate.max.smaller.than.hourly.rate.min": "Hourly rate max cannot be smaller and equal to hourly rate min",
    "annual.rate.to.smaller.than.annual.rate.from": "Annual rate to cannot be smaller and equal to annual rate from",
    "annual.rate.max.smaller.than.annual.rate.min": "Annual rate max cannot be smaller and equal to annual rate min",
    "select.city": "Select City",
    "view.more": "View More",
    "posted.by": "Posted by",
    "josite.awarded": "Jobsites Awarded",
    "project.awarded": "Project Awarded",
    "po.added": "PO detail Added",
    "industryType.name.select.error": "Please select valid industry type",
    "jobsite.title.maxLength": "Length should be less than 50",
    "jobsite.description.maxLength": "Length should be less than 200",
    "jobsite.jobCode.maxLength": "Length should be less than 30",
    "jobsite.location.maxLength": "Length should be less than 100",
    "jobsite.state.maxLength": "Length should be less than 30",
    "jobsite.city.maxLength": "Length should be less than 30",
    "jobsite.zipcode.maxLength": "Length should be less than 5",
    "jobsite.state.selection.error": "Please select appropriate state",
    "jobsite.city.selection.error": "Please select appropriate city",
    "lets.get.started": "Let's Get Started",
    "rate": "Rate",
    "hourly.salary.range": "Hourly Salary Rate",
    "invalid.certificate": "Invalid certificate",
    "select.certificate": "Select Certificate",
    "select.experience": "Select Experience",
    "company.name.maxLength": "Length should be less than 50",
    "lineItemId.maxLength": "Length should be less than 50",
    "lineItemName.maxLength": "Length should be less than 100",
    "inclusion.maxLength": "Length should be less than 200",
    "exclusion.maxLength": "Length should be less than 200",
    "lineItem.description.maxLength": "Length should be less than 1000",
    "lineItem.label1.maxLength": "Length should be less than 200",
    "lineItem.label2.maxLength": "Length should be less than 200",
    "lineItem.label3.maxLength": "Length should be less than 200",
    "quantity.minValue": "Quantity can not be 0",
    "milestone.name.maxLength": "Length should be less than 50",
    "milestone.percentage.min": "Percentage can not be 0",
    "milestone.percentage.max": "Percentage can not be more than 100",
    "no.workers.selected": "No workers Selected",
    "post.project": "Post Project",
    "no.subcontractor.selected": "No Subcontractor selected",
    "selected.subcontractor": "Selected Subcontractor",
    "invite.subcontractor": "Invite Subcontractor",
    "post.new.project": "Post New Project",
    "vendor.name": "Vendor Name",
    "update.job.successMessage": "Job Updated",
    "email.already.exists": "Email already exists",
    "add.new.certificate": "Add New Certificate",
    "paginator.size": "[10,20,30]",
    "basic.information": "Basic Information",
    "company.detail": "Company Detail",
    "active.license": "Active Licenses",
    "compliance": "Compliance",
    "reference": "References",
    "certificates": "Certificates",
    "license.name": "License Name",
    "license.number": "License Number",
    "document": "Document",
    "osha": "OSHA",
    "certificate.of.insurance": "Certificate Of Insurance",
    "type.of.insurance": "Type Of Insurance",
    "minimum.limits.required": "Minimum Limits Required",
    "excess.liability": "Excess Liability",
    "coi.document": "COI Document",
    "verifed.rejected.date": "Verified/Rejected Date",
    "view.documents": "View Documents",
    "emr": "EMR",
    "emr.added": "EMR Added",
    "emr.updated": "EMR Updated",
    "osha.updated": "OSHA Updated",
    "emr.deleted": "EMR Deleted",
    "emr.required": "EMR document is mandatory",
    "osha.required": "OSHA document is mandatory",
    "coi.required": "COI is mandatory",
    "osha.added": "OSHA Added",
    "osha.deleted": "OSHA Deleted",
    "upload": "Upload : ",
    "safety.manual": " Safety Manual",
    "back": "Back",
    "reference.added": "Reference Added",
    "reference.updated": "Reference Updated",
    "reference.deleted": "Reference Deleted",
    "view.all": "View All",
    "reference.posted.on": "Reference Posted On",
    "opt.out.reason": "Opt Out Reason",
    "manage.certificate.for.subcontractor": "Manage Certificates For Subcontractor",
    "manage.certificate.for.worker": "Manage Certificates For Worker",
    "background.check": "Background Check & Drug Screen",
    "project.saved.as.draft": "Project saved as draft",
    "add.your.hourly.rate": "Add Your Hourly Rate",
    "tentative.start.date": "Tentative Start Date",
    "cover.letter": "Cover Letter",
    "marked.as.favourite": "Marked as favourite",
    "removed.from.favourite": "Removed from favourite",
    "apply.for.job": "Apply For Job",
    "select.my.certificates": "Select My Certificates",
    "jobsite.added.successfully": "Jobsite added successfully",
    "please.select.project": "Please select project",
    "lineItem.added.successfully": "Line Item added successfully",
    "add.your.yearly.salary.requirement": "Add Your Yearly Salary Requirement",
    "enter.cover.letter": "Enter Cover Letter",
    "question.no": "Question No",
    "award.project": "Award Project",
    "document.downloaded": "Document downloaded",
    "dialog.message.certificate": "Are you sure you want to delete Certificate of name ",
    "dialog.message.document": "Are you sure you want to delete Document of name ",
    "dialog.message.optoutReason": "Are you sure you want to delete OptOutReason ",
    "dialog.title.certificate": "Delete Document ? ",
    "dialog.title.license": "Delete License ? ",
    "hourly.rate.cannnot.be.zero": "Hourly rate cannot be zero",
    "annual.salary.cannnot.be.zero": "Annual salary cannot be zero",
    "applied.for.job": "Applied for job",
    "apply.job": "Apply job",
    "percentage.error": "Total percentage of milestone should be 100.00",
    "lineItem.assigned.error": "Please assign every line item",
    "jobTitle.name.placeholder": "Select Job Title Name",
    "service.name.placeholder": "Select Services",
    "select.service": "Select Services",
    "select.no.of.employee": "Select No Of Employee",
    "select.diversity.status": "Select Diversity Status",
    "select.user": "Select User",
    "state.name.placeholder": "Enter State Name",
    "first.name.placeholder": "Enter First Name",
    "last.name.placeholder": "Enter Last Name",
    "status.placeholder": "Select Status",
    "mobile.phone.placeholder": "Enter Mobile Phone",
    "city.name.placeholder": "Enter City Name",
    "drag.drop.placeholder": "Drag & Drop image here or click to upload",
    "image.upload": "Files with the following extensions are allowed : jpeg , jpg , png",
    "image.pdf.upload": "Files with the following extensions are allowed : jpeg , jpg , png , pdf",
    "image.pdf.doc.upload": "Files with the following extensions are allowed : doc, docx, pdf",
    "image.excel.upload": "Files with the following extensions are allowed : excel , pdf",
    "image.only.excel.upload": "Files with the following extensions are allowed : xls, xlsx",
    "drag.drop.pdf.placeholder": "Drag & Drop PDF document here or click to upload",
    "drag.and.drop.placeholder": "Drag & Drop file here or click to upload",
    "drag.drop.note": "User should upload 150px x 150px image for optimum result.",
    "min.hourly.rate.placeholder": "Minimum Hourly Rate",
    "max.hourly.rate.placeholder": "Maximum Hourly Rate",
    "min.full.time.rate.placeholder": "Minimum Full Time Salary Rate",
    "max.full.time.rate.placeholder": "Maximum Full Time Salary Rate",
    "institution.placeholder": "Enter Institution Name",
    "institution.name": " Institution Name",
    "company.name.placeholder": "Enter Company Name",
    "designation.placeholder": "Enter Designation Name",
    "designation": " Designation ",
    "degree": " Degree ",
    "degree.placeholder": "Enter Degree ",
    "major": " Major ",
    "major.placeholder": "Enter Major ",
    "description.placeholder": "Enter Description Name",
    "currently.working": " Currently Working",
    "currently.educating": " Currently Educating",
    "end.date": "End Date",
    "add.certificate": "Add Certificate",
    "edit.certificate": "Edit",
    "add.license": "Add License",
    "add.certificates": "Add Certificate",
    "select.certificaet": "Select Certificate",
    "upload.document": "Upload Document",
    "full.name": "Full Name",
    "enter.full.name": "Enter Full Name",
    "company.name,placeholder": "Enter Company Name",
    "email.id": "Email Id",
    "enter.personal.email": "Enter Personal Email",
    "enter.work.phone": "Enter Work Phone",
    "enter.mobile.phone": "Enter Mobile Phone",
    "add.reference": "Add Reference",
    "enter.ein.pin": "Enter EIN PIN format : 00-0000000 ",
    "enter.ssn.pin": "Enter SSN PIN format : 000-00-0000",
    "enter.pin": "Enter PIN",
    "enter.website": "Enter Website",
    "enter.year.founded": "Enter Year Founded",
    "milestone.added": "Milestone added successfully",
    "jobsite.edited.successfully": "Jobsite updated successfully",
    "worker.name": "Worker Name",
    "select.worker.name": "Select Worker Name",
    "select.job.title": "Select Job Title",
    "hourly.rate": "Hourly Rate",
    "min.0": "Min 0",
    "max.0": "Max 0",
    "bid.status": "Bid Status",
    "bid.submitted.from.date": "Bid Submitted From Date",
    "bid.submitted.to.date": "Bid Submitted To Date",
    "average.ratings": "Average Ratings",
    "total.experience": "Total Experience",
    "review.&.offer": "Review & Offer",
    "yearly.rate": "Yearly Rate",
    "job.average.rating": "Job Average Rating",
    "job.success.ratio": "Job Success Ratio",
    "shortlisted.workers": "Shortlisted Workers",
    "shortlist": "Shortlist",
    "maximum.10.selection.allowed": "*Maximum 10 selection are allowed",
    "offer.rate": "Offer Rate",
    "document.deleted": "Document is deleted",
    "document.mandatory": "One document is mandatory",
    "certificate.deleted": "Certificate is deleted",
    "license.deleted": "License is deleted",
    "license.added": "License Added",
    "license.updated": "License Updated",
    "job.status.updated": "Job status updated",
    "jobsite.status.updated": "Jobsite status updated",
    "project.status.updated": "Project status updated",
    "supervisor.assigned.to.job": "Supervisor assigned to Job",
    "offer.job": "Offer Job",
    "jobsite.deleted.successfully": "Jobsite deleted successfully",
    "milestone.updated": "Milestone updated successfully",
    "milestone.deleted": "Milestone deleted successfully",
    "lineItem.deleted.successfully": "Line Item deleted successfully",
    "lineItem.updated.successfully": "Line Item updated successfully",
    "yearly.salary": "Yearly Salary",
    "special.note": "Special Note",
    "project.posted": "Project posted successfully",
    "subcontractor.invited": "Subcontractor invited successfully",
    "project.details": "Project Details",
    "category": "Category",
    "job.offered": "Job offered",
    "per.diem.cannnot.be.zero": "Per Diem cannot be zero",
    "mileage.cannot.be.zero": "Mileage cannot be zero",
    "max.limit.reached": "Max limit reached of selection ",
    "line.item.template.management": "Line Item Template Management",
    "edit.line.item": "Edit Line Item",
    "delete": "Delete",
    "view.info": "View Info",
    "bid.amount": "Bid Amount",
    "total.bid.amount": " Total Bid Amount",
    "total.bid.cost": " Total Bid Cost",
    "jobsite.details": "Jobsite Details",
    "lineItem.dialog.title": "Delete LineItem Template",
    "hired.workers": "Hired Workers",
    "milestone.no": "Milestone No",
    "payment.milestone": "Payment Milestone",
    "amount.release": "Amount Release",
    "payment.details": "Payment Details",
    "percentage": "Percentage",
    "customer.name": "Customer Name",
    "offered.workers": "Offered Workers",
    "invite.error": "You have to invite subcontractor because project type is Private Request.",
    "no.services.found": "No services found",
    "no.jobs.found": "No jobs found",
    "no.projects.found": "No projects found",
    "no.project.selected": "No Project Selected",
    "no.jobsite.selected": "No Jobsite Selected",
    "no.workExp.found": "No work experience found",
    "no.education.found": "No education found",
    "no.certificates.found": "No certifications found",
    "no.rating.review.found": "No ratings and reviews found",
    "no.reference.found": "No references found",
    "no.emr.found": "No EMR found",
    "no.osha.found": "No OSHA found",
    "no.coi.found": "No COI found",
    "no.jobsite.found": "No jobsite found",
    "no.location.found": "No location found",
    "please.select.document.or.write.opt.out.reason": "Either document or optoutreason is mandatory",
    "select.document": "Please select document and upload",
    "posted": "Posted ",
    "days.ago": "Days Ago",
    "day.ago": "Day Ago",
    "minutes.ago": "Minutes Ago",
    "hours.ago": "Hours Ago",
    "minute.ago": "Minute Ago",
    "hour.ago": "Hour Ago",
    "hours": "Hours",
    "hour": "Hour",
    "chat": "Messages",
    "minutes": "Minutes",
    "today": "Today",
    "client": "Client",
    "yesterday": "Yesterday",
    "company.client": "Company and Client",
    "budget": "Budget",
    "enter.no.ofjob.opening": "Enter No of Job Opening",
    "enter.estimated.start.date": "Enter Estimated Start Date",
    "are.you.sure.you.want.to.change.the.status": "Are you sure you want to change the status?",
    "are.you.sure.you.want.to.change.the.status.project": "Are you sure you want to change the status?  If you change status of this project then all the jobsites of this project will get changed to this status.",
    "no.of.opening.doesnot.match.accepted": "No of opening does not match with accepted. Even though you want to proceed?",
    "warning": "Warning",
    "coi": "COI",
    "coi.added": "COI Added",
    "coi.updated": "COI Updated",
    "invalid.pin": "Invalid PIN",
    "invalid.url": "Invalid website URL",
    "client.updated": "Client profile updated",
    "milestone.error": "Assign at least one line-item to ",
    "company.size": "Company Size",
    "ongoing": "Ongoing From",
    "are.you.sure.you.want.to.assign.the.supervisor": "Are you sure you want to assign this job to supervisor?",
    "are.you.sure.you.want.to.assign.the.supervisor.jobsite": "Are you sure you want to assign this Jobsite to supervisor?",
    "are.you.sure.you.want.to.assign.the.supervisor.project": "Are you sure you want to assign this Project to supervisor?         If you assign supervisor to this project then all the Jobsites of this project will get assigned to this supervisor. ",
    "job.assigned.to.supervisor": "Job assigned to supervisor",
    "jobsite.assigned.to.supervisor": "Jobsite assigned to supervisor",
    "project.assigned.to.supervisor": "Project assigned to supervisor ",
    "no.questions.added": "No Questions Added",
    "enter": "Enter",
    "all": "All",
    "location.radius": "Location Radius(Miles)",
    "from": "From",
    "to": "To",
    "select.action": "Please select at least one change request to apply",
    "job.location": "Job Location",
    "attachments": "Attachments",
    "range": "Range",
    "answer.submited.successfully": "Answer submitted successfully",
    "attachment.uploaded.successfully": "Attachment uploaded successfully",
    "question.submited.successfully": "Question submitted successfully",
    "change.request.added": "Change Request Added",
    "change.request.updated": "Change Request Updated",
    "change.request.approved": "Change Request Approved",
    "change.request.rejected": "Change Request Rejected",
    "change.request.deleted": "Change Request Deleted",
    "file.deleted": "File Deleted",
    "start.bid": "Start Bid",
    "review.edited.successfully": "Review edited successfully",
    "review.submitted": "Review submitted",
    "review.reported.to.admin": "Review reported to admin",
    "accept": "Accept",
    "apply.on.selected.jobsite": "Apply on Selected Jobsites",
    "apply.on.project": "Apply on Project",
    "select.jobsites": "01-Select Jobsites",
    "bid.quotation": "02 Bid - Quotation",
    "view.reimbursements": "View Reimbursements",
    "reimbursement.keyword": "Reimbursement Keyword",
    "reimbursement.created.dates.between": "Reimbursements Created Between Dates:",
    "reimbursements.status": "Reimbursements Status",
    "add.reimbursements": "Add Reimbursement",
    "selected.job": "Selected Job",
    "reimbursement.title": "Reimbursement Title",
    "enter.title": "Enter Title",
    "enter.description": "Enter Description",
    "amount": "Amount",
    "off.cycle": "Off Cycle",
    "job.accepted": "Job accepted",
    "job.rejected": "Job rejected",
    "my.jobs": "My Jobs",
    "accept.jobs": "Accept Jobs",
    "are.you.sure.you.want.to.accept.the.job?": "Are you sure you want to accept the job?",
    "are.you.sure.you.want.to.reject.the.job?": "Are you sure you want to reject the job?",
    "reimbursement.file.deleted": "Reimbursement file deleted",
    "download": "Download",
    "sort.by": "Sort By",
    "n.a": " N/A ",
    "reimbursement.added": "Reimbursement Added",
    "only.five.files.are.allowed": "Only 5 Files are Allowed",
    "certificate.updated": "Certificate Updated",
    "certificate.added": "Certificate Added",
    "reimbursement.updated": "Reimbursement Updated",
    "edit.reimbursements": "Edit Reimbursements",
    "reimbursement.deleted": "Reimbursement Deleted",
    "are.you.sure.you.want.to.delete.the.reimbursement": "Are you sure you want to delete the reimbursement?",
    "mileage": "Mileage",
    "are.you.sure.you.want.to.change.the.job.you will.loose.unsaved.data": "Are you sure you want to change the job, you will lose unsaved data?",
    "total.cost": "Total Cost",
    "from.year": "From Year",
    "to.year": "To Year",
    "milestone": "Milestone",
    "message.sent": "Message Sent",
    "send.message": "Send Message",
    "message": "Message",
    "send": "Send",
    "single.document.required": "Only one document upload is required",
    "enter.message": "Enter Message",
    "drag.and.drop.pdf.document.image.here.to.click.to.upload": "Drag & Drop PDF document or image here or click to upload",
    "you.can.attach.maximum.three.files": "Maximum file limit exceeded, you can attach only 3 files",
    "message.file.deleted": "Message File Deleted",
    "submit.bid": "Submit Bid",
    "review": "Review",
    "auto.insurance": "Auto Insurance",
    "public.review": "Public Review",
    "rating": "Rating",
    "review.submited": "Review Submitted",
    "invalid.mobilePhone": "Please enter the valid Mobile Phone",
    "po.detail": "PO Detail",
    "po.name": "PO Name",
    "special.notes": "Special Notes / Remarks",
    "po.number": "PO Number",
    "po.amount": "PO Amount",
    "notify.noData": "No notifications to display",
    "add.client": "Add Client",
    "profile.image": "Profile Image",
    "client.company.name": "Client Company Name",
    "email.verified": "Email Verified?",
    "approval.status": "Approval Status",
    "msa": "MSA",
    "project.access": "Project Access",
    "job.access": "Job Access",
    "change.status": "Change Status",
    "bid.comparison": "Bid Comparison",
    "client.suggested.project.cost": "Client Suggested Project Cost",
    "sortlist": "Shortlist",
    "compare.line.item": "Compare Line Item",
    "client.suggested.jobsite.cost": "Client Suggested Jobsite Cost",
    "shortlisted.jobsites.for": "Shortlisted Jobsites for ",
    "already.exists": "already exists",
    "enable.certificate": "Enable",
    "disable.certificate": "Disable",
    "certificate.enabled.successfully": "Certificate Enabled",
    "certificate.disabled.successfully": "Certificate Disabled",
    "add.content.msa": "Add Global MSA Client",
    "enable.content.msa": "Enable Content MSA",
    "disable.content.msa": "Disable Content MSA",
    "add.subcontractor": "Add Subcontractor",
    "select.name": "Select Name",
    "rippling.id": "Rippling Id",
    "set.margin": "Set Margin",
    "company.type": "Company/Individual",
    "line.item.comparison.of.sortlisted.subcontractors": "Line Item Comparison of Sortlisted Subcontractors",
    "invoices": "Invoices",
    "invoice.status": "Invoice Status",
    "invoice.date.from": "Invoice Date From",
    "invoice.date.to": "Invoice Date To",
    "work.week": "Work Week",
    "pending.closeout.package.request": "Pending Closeout Package Request",
    "milestone.description": "Milestone Description",
    "closeout.request.package.date": "Closeout Request Package Date",
    "rejection.reason": "Rejection Reason",
    "reason.for.rejection": "Reason For Rejection",
    "communication.history": "Communication History",
    "closeout.package.request": "Closeout Package Request",
    "employment.type": "Employment Type",
    "pay.rate": "Pay Rate",
    "current.value": "Current Value",
    "new.value": "New Value",
    "platform.fee": "Platform Fee",
    "hourly.rate.plus.platform.fee": "Hourly Rate + Platform Fee",
    "salary.plus.platform.fee": "Salary + Platform Fee",
    "work.weeks.between": "Work Weeks Between",
    "timesheet.status": "Timesheet Status",
    "view.timesheet": "View Timesheet",
    "select.week": "Select Week",
    "timesheet.details": "Timesheet Details",
    "pay.summary": "Pay Summary",
    "worker.comparison": "Worker Comparison",
    "hourly": "Hourly",
    "client.invoice.status": "Client Invoice Status",
    "subcontractor.invoice.status": "Subcontractor Invoice Status",
    "worker.invoice.status": "Worker Invoice Status",
    "start.work.week": "Start Work Week",
    "end.work.week": "End Work Week",
    "total.projects": "Total Projects",
    "total.jobsites": "Total Jobsites",
    "total.jobs": "Total Jobs",
    "to.do": "To Do",
    "add.job.rate.card": "Add Job Rate Card",
    "manage.job.rate.card": "Manage Job Rate Card",
    "pending.timesheet": "Pending Timesheet",
    "pending.invitations": "Pending Invitations",
    "favorite.projects": "Favorite Projects",
    "closeout.packages": "Closeout Packages",
    "certificates.requiring.attention": "Certificates Requiring Attention",
    "timesheets": "Timesheets",
    "ongoing.jobs": "Ongoing Jobs",
    "job.label": "Job",
    "favorite.jobs": "Favorite Jobs",
    "week": "Week",
    "month": "Month",
    "year": "Year",
    "locations": "Locations",
    "markup": "Markup",
    "accept.reject.project": "Accept/ Reject Project",
    "company.personal.email": "Company/Personal Email",
    "add.worker": "Add Worker",
    "tSheet.id": "T Sheet Id",
    "tSheet.ids": "TSheets Id",
    "availableforhire": "Available for Hire",
    "availableforhire?": "Available for Hire?",
    "available": "Available",
    "unavailable": "Unavilable",
    "subcontractor.inactivated": "Subcontractor Inactivated ",
    "subcontractor.activated": "Subcontractor Activated ",
    "worker.inactivated": "Worker Inactivated ",
    "worker.activated": "Worker Activated ",
    "client.inactivated": "Client Inactivated ",
    "client.activated": "Client Activated ",
    "are.you.sure.you.want.to.accept": "Are you sure you want to accept?",
    "are.you.sure.you.want.to.reject": "Are you sure you want to reject?",
    "save.and.update.access.rights": "Save and Update Access Rights",
    "can.view": "Can View",
    "can.modify": "Can Modify",
    "menu": "Menu",
    "user.rights": "User Rights",
    "admin.user": "Admin User",
    "project.accepted": "Project Accepted",
    "project.rejected": "Project Rejected",
    "jobsite.rejected": "Jobsite Rejected",
    "jobsite.accepted": "Jobsite Accepted",
    "estimated.end.date": "Estimated End Date",
    "enter.job.name": "Enter Job Name",
    "select.jobtitle": "Select Job Title",
    "submit.request": "Submit Request",
    "submitted.request": "Submitted Request",
    "submit.request.file.deleted": "Submit Request File Deleted",
    "users": "Users",
    "total.users": "Total Users",
    "to.do.projects": "To Do - Projects",
    "to.do.jobs": "To Do - Jobs",
    "total.revenue": "Total Revenue",
    "revenue": "Revenue",
    "job.name": "Job Name",
    "are.you.sure.you.want.to.submit.request": "Are you sure you want to submit request?",
    "attachments.updated": "Attachments Updated",
    "you.can.upload.maximum.5.attachments": "You can upload maximum 5 Attachments",
    "closeout.file.deleted": "Closeout File Deleted",
    "select": "Select",
    "selected.closeouts.approved": "Selected closeouts approved",
    "selected.closeouts.rejected": "Selected closeouts rejected",
    "reason": "Reason",
    "please.select.atleast.one.closeout.to.reject.or.approve": "Please select at least one Closeout to Apply",
    "view.communication.history": "View Communication History",
    "view.reject.reason": "View Reject Reason",
    "view.invoice": "View Invoice",
    "submit.closeout.request": "Submit Closeout Request",
    "invoice.downloaded": "Invoice Downloaded",
    "pending.closeOutPackageRequest": "Pending Closeout Package Request",
    "payment.terms": "Payment Terms",
    "twentyfive.maxlength": "Max length is 25",
    "set.margin.for.project": "Set Margin For Project (%)",
    "licenses.requiring.attention": "Licenses Requiring Attention",
    "reference.comments": "Comments are pending",
    "feel.jobsite.bidAmount": "Fill all jobsites bid amount",
    "enter.bidAmount": "Enter appropriate bid amount",
    "bidAmount.not.zero": "Bid amount should not be Zero",
    "bidAmount.less.than.jobsite.cost": "Bid amount should be less than total jobsite cost",
    "bidAmount.less.than.project.cost": "Bid amount should be less than cost of project",
    "sign.on": "Sign On",
    "active": "Active",
    "inactive": "Inactive",
    "selected.references.approved": "Selected references approved",
    "selected.references.rejected": "Selected references rejected",
    "selected.certificates.approved": "Selected certificates approved",
    "selected.certificates.rejected": "Selected certificates rejected",
    "verified.date.or.rejected.date": "Approved / Rejected date",
    "action.status": "Action/ Status",
    "please.select.atleast.one.reference.to.reject.or.approve": "Please select at least one reference to reject",
    "please.select.atleast.one.certificate.to.reject.or.approve": "Please select at least one certificate to Apply",
    "max.file.size.5.mb": "Max file size is 5 MB",
    "max.file.size.10.mb": "Max file size is 10 MB",
    "posted.between": "Posted Between",
    "tsheet.id.updated": "Tsheet Id Updated",
    "rippling.id.updated": "Rippling Id updated",
    "worker.added.successfully": "Worker added successfully",
    "not.available": "Not Available",
    "license": "License",
    "status.changed.to.paid": "Status changed to paid",
    "msa.type": "MSA Type",
    "msa.uploaded.date": "MSA Uploaded Date",
    "accepted.date": "Accepted Date",
    "not.yet.accepted": "Not Accepted Yet",
    "client.approved": "Client Approved",
    "client.msa.submitted": "Client MSA submitted",
    "edit.client.msa": "Edit Client MSA ",
    "edit.admin": "Edit Admin",
    "activate.admin": "Activate Admin",
    "deactivate.admin": "Deactivate Admin",
    "access.rights": "Access Rights",
    "job.rate.card.created.successfully": "Job rate card created successfully",
    "login.history": "Login History",
    "subcontractor.payout.aging.report": "Subcontractor Payout Aging Report",
    "subcontractor.invoice.report": "Subcontractor Invoice Report",
    "client.payment.aging.report": "Client Payment Aging Report",
    "revenue.report": "Revenue Report",
    "all.references": "All References",
    "reference.given.by": "Reference Given By",
    "user.type": "User Type",
    "aging.days": "Aging Days",
    "revenue.source": "Revenue Source",
    "report.period": "Report Period",
    "client.project.name": "Client / Project Name",
    "job.worker.name": "Job / Worker Name",
    "company.person.name": "Company/Person Name",
    "login.at": "Login At",
    "subAdmin.user": "Subadmin User",
    "subAdmin.activated": "SubAdmin Activated",
    "subAdmin.inactivated": "SubAdmin Inactivated",
    "subcontractor.list": "Subcontractor List",
    "yearly": "Yearly",
    "please.enter.appropriate.date.range": "Please enter appropriate date range",
    "you.can.upload.maximum.five.attachments": "You can upload maximum 5 attachments",
    "annual.rate": "Annual Rate",
    "view.invoices": "View Invoices",
    "job.status": "Job Status",
    "please.enter.atleast.one.annual.salary": "Please enter at least one annual salary",
    "please.enter.atleast.one.hourly.rate": "Please enter at least one hourly rate",
    "timesheet.date.between": "Timesheet Date Between",
    "timesheet": "Timesheet",
    "total": "Total",
    "approve.all": "Approve All",
    "reject.all": "Reject All",
    "timesheets.rejected": "Timesheets Rejected",
    "timesheets.approved": "Timesheets Approved",
    "approved": "Approved",
    "rejected": "Rejected",
    "requested": "Requested",
    "bid.amount.max": "Bid Amount Max",
    "bid.amount.min": "Bid Amount Min",
    "loginAs": "Login As",
    "hourly.rate.range": "Hourly Rate Range",
    "enter.hourly": "Enter Hourly",
    "please.upload.atleast.one.document": "Please upload at least one document",
    "no.screening.questions": "No Screening Questions",
    "please.enter.atleast.one.diem.rate": "Please enter at least one diem rate",
    "please.enter.atleast.one.mileage.rate": "Please enter at least one mileage rate",
    "please.fill.atleast.one.ratingtext.and.rating": "Please fill at least one rating text and rating",
    "accept.rating": "Accept rating",
    "reject.rating": "Reject rating",
    "review.accepted": "Review accepted",
    "certificates.unverified": "Certificate unverified successfully",
    "review.rejected": "Review rejected",
    "enter.hourly.rate": "Enter hourly rate",
    "enter.annual.salary": "Enter annual salary",
    "zip.code.should.be.less.than.6": "Zip code should be less than 6",
    "select.closeout.action": "Select closeout action",
    "select.subcontractor.name": "Select Subcontractor Name",
    "no.review.to.be.submitted": "No review to be submitted",
    "you.can.upload.maximum.three.attachments": "You can upload maximum 3 attachments",
    "no.certificates": "No certificates",
    "manage": "Manage",
    "selected.job.rate.cards.enabled": "Selected job rate cards enabled",
    "selected.job.rate.cards.disabled": "Selected job rate cards disabled",
    "enable.job.rate.card": "Enable job rate card",
    "disable.job.rate.card": "Disable job rate card",
    "types": "Types",
    "content.maxLength": "Max length is 250",
    "merge": "Merge",
    "upload.successful": "Upload Successful",
    "createdBy": "Created By",
    "createdDate": "Created Date",
    "old.company.name": "Old Company Name",
    "replaced.company.name": "Replaced Company Name",
    "select.client": "Select Client",
    "service.enable.success": "Service Enabled",
    "service.disable.success": "Service Disabled",
    "milestone.saved": "Milestone saved successfully",
    "activate": "Activate",
    "deactivate": "Deactivate",
    "add.subadmin": "Add Subadmin user",
    "edit.subadmin": "Edit Subadmin user",
    "enable.success.diversity": "Diversity Category Enabled",
    "disable.success.diversity": "Diversity Category Disabled",
    "job.title.added": "Job title added",
    "umbrellaLiability": "Umbrella Liability",
    "approval.status.project": "Project Approval Status",
    "approval.status.job": "Job Approval Status",
    "client.added.successfully": "Client added successfully",
    "documents": "Documents",
    "reject.selected": "Reject Selected",
    "are.you.sure.want.to.logout": "Are you sure you want to logout?",
    "old.company.created.by": "Old Company Created By",
    "old.company.created.on": "Old Company Created On",
    "w2.worker.invoice.report": "W2 Worker Invoice Report",
    "old.password": "Old Password",
    "enter.old.password": "Enter Old Password",
    "link.not.available.as.job.is.of.private.request.type": "Link not available as Job is of Private Request type",
    "payment.id": "Payment Rails Id",
    "safety.rating": "Safety Rating",
    "worker.configuration.created": "Worker Configuration Created",
    "worker.configuration.updated": "Worker Configuration Updated",
    "disable.checkbox.mandatory": "Please check disable work type to proceed bidding on whole project"
}